elec_price,nat_gas,carbon,price,temp
0.0,0.0,0.0,0.0,0.0
1.0,0.0,0.0,0.0,0.0
0.0,0.0,1.0,0.0,1.0
0.0,0.0,0.0,0.0,0.0
0.0,0.0,0.0,1.0,0.0
0.0,0.0,0.0,0.0,0.0
0.0,0.0,0.0,0.0,0.0
1.0,0.0,0.0,0.0,1.0
0.0,0.0,0.0,0.0,0.0
0.0,0.0,0.0,0.0,0.0
0.0,0.0,0.0,1.0,0.0
0.0,0.0,0.0,0.0,0.0
0.0,0.0,1.0,0.0,0.0
0.0,0.0,0.0,0.0,0.0
0.0,0.0,0.0,0.0,0.0
0.0,0.0,0.0,0.0,0.0
1.0,0.0,0.0,0.0,0.0
0.0,1.0,0.0,0.0,0.0
0.0,0.0,0.0,1.0,0.0
1.0,0.0,0.0,0.0,0.0
0.0,0.0,0.0,0.0,0.0
0.0,0.0,0.0,1.0,0.0
0.0,0.0,0.0,0.0,1.0
0.0,0.0,0.0,0.0,0.0
0.0,0.0,0.0,0.0,0.0
0.0,0.0,0.0,0.0,0.0
0.0,0.0,0.0,0.0,0.0
0.0,0.0,0.0,0.0,0.0
0.0,0.0,0.0,0.0,1.0
0.0,0.0,1.0,1.0,0.0
0.0,0.0,0.0,0.0,0.0
0.0,0.0,0.0,0.0,1.0
0.0,0.0,0.0,0.0,0.0
0.0,0.0,0.0,0.0,0.0
0.0,0.0,0.0,0.0,0.0
0.0,0.0,0.0,0.0,0.0
0.0,0.0,0.0,0.0,0.0
0.0,0.0,0.0,0.0,0.0
0.0,0.0,0.0,0.0,0.0
0.0,0.0,0.0,0.0,0.0
0.0,0.0,0.0,0.0,0.0
0.0,0.0,1.0,0.0,0.0
0.0,0.0,0.0,0.0,0.0
0.0,0.0,0.0,1.0,1.0
0.0,0.0,0.0,0.0,0.0
0.0,0.0,0.0,1.0,0.0
1.0,0.0,0.0,0.0,0.0
0.0,0.0,0.0,0.0,0.0
0.0,1.0,0.0,0.0,0.0
0.0,0.0,0.0,0.0,0.0
0.0,0.0,0.0,0.0,0.0
0.0,0.0,0.0,0.0,0.0
0.0,0.0,0.0,0.0,0.0
0.0,0.0,0.0,0.0,0.0
0.0,1.0,0.0,1.0,0.0
0.0,0.0,0.0,0.0,0.0
0.0,0.0,1.0,1.0,0.0
0.0,0.0,0.0,1.0,0.0
0.0,0.0,0.0,0.0,0.0
0.0,0.0,0.0,0.0,0.0
0.0,0.0,0.0,0.0,0.0
0.0,0.0,0.0,0.0,0.0
0.0,0.0,0.0,0.0,0.0
0.0,0.0,0.0,0.0,0.0
0.0,0.0,0.0,0.0,0.0
0.0,0.0,0.0,0.0,0.0
0.0,1.0,0.0,0.0,0.0
0.0,0.0,1.0,0.0,0.0
0.0,0.0,0.0,0.0,1.0
0.0,0.0,1.0,0.0,0.0
0.0,0.0,0.0,0.0,1.0
0.0,0.0,0.0,0.0,0.0
0.0,0.0,0.0,0.0,1.0
1.0,1.0,0.0,0.0,0.0
0.0,0.0,0.0,0.0,1.0
0.0,0.0,0.0,0.0,0.0
0.0,0.0,0.0,0.0,0.0
0.0,0.0,0.0,0.0,0.0
0.0,0.0,0.0,0.0,1.0
0.0,0.0,0.0,0.0,0.0
0.0,0.0,0.0,0.0,0.0
0.0,0.0,0.0,0.0,0.0
0.0,0.0,0.0,0.0,0.0
0.0,0.0,0.0,0.0,0.0
0.0,1.0,0.0,0.0,0.0
0.0,0.0,0.0,0.0,0.0
0.0,0.0,0.0,0.0,0.0
0.0,0.0,0.0,0.0,0.0
0.0,0.0,1.0,0.0,0.0
0.0,0.0,1.0,0.0,0.0
1.0,0.0,0.0,0.0,0.0
0.0,0.0,0.0,0.0,0.0
0.0,0.0,1.0,0.0,0.0
0.0,0.0,0.0,0.0,0.0
0.0,0.0,0.0,0.0,0.0
0.0,0.0,0.0,0.0,0.0
1.0,0.0,0.0,0.0,0.0
0.0,0.0,0.0,0.0,0.0
0.0,1.0,0.0,0.0,0.0
0.0,0.0,0.0,0.0,0.0
0.0,0.0,0.0,0.0,0.0
0.0,0.0,0.0,0.0,0.0
0.0,0.0,0.0,0.0,0.0
0.0,0.0,0.0,0.0,0.0
0.0,1.0,0.0,1.0,0.0
0.0,0.0,0.0,1.0,1.0
0.0,0.0,0.0,1.0,0.0
0.0,1.0,0.0,0.0,0.0
0.0,0.0,0.0,0.0,0.0
0.0,0.0,0.0,0.0,0.0
1.0,0.0,0.0,0.0,0.0
0.0,0.0,0.0,0.0,0.0
0.0,0.0,0.0,0.0,0.0
0.0,0.0,1.0,0.0,0.0
0.0,0.0,0.0,0.0,0.0
0.0,0.0,0.0,1.0,1.0
0.0,0.0,0.0,0.0,0.0
0.0,0.0,0.0,0.0,1.0
0.0,0.0,0.0,0.0,0.0
0.0,0.0,0.0,0.0,0.0
0.0,0.0,0.0,0.0,0.0
0.0,0.0,0.0,1.0,0.0
0.0,0.0,0.0,0.0,0.0
0.0,0.0,0.0,0.0,1.0
0.0,0.0,0.0,0.0,0.0
0.0,0.0,0.0,0.0,0.0
1.0,0.0,0.0,0.0,0.0
0.0,0.0,0.0,1.0,0.0
0.0,1.0,0.0,1.0,1.0
0.0,1.0,0.0,0.0,0.0
0.0,0.0,0.0,0.0,0.0
1.0,0.0,0.0,0.0,0.0
0.0,0.0,0.0,0.0,0.0
0.0,0.0,0.0,1.0,1.0
0.0,0.0,0.0,1.0,0.0
0.0,1.0,0.0,0.0,1.0
0.0,0.0,0.0,1.0,0.0
0.0,0.0,0.0,0.0,0.0
0.0,0.0,0.0,0.0,0.0
0.0,0.0,0.0,0.0,0.0
0.0,0.0,0.0,0.0,0.0
0.0,0.0,0.0,0.0,0.0
0.0,0.0,0.0,0.0,0.0
0.0,0.0,0.0,0.0,0.0
0.0,0.0,1.0,0.0,0.0
0.0,0.0,0.0,0.0,0.0
0.0,0.0,0.0,0.0,0.0
0.0,0.0,0.0,1.0,0.0
0.0,0.0,0.0,0.0,0.0
1.0,0.0,0.0,1.0,0.0
0.0,0.0,0.0,0.0,0.0
0.0,0.0,0.0,0.0,0.0
0.0,0.0,0.0,0.0,0.0
0.0,0.0,1.0,0.0,0.0
0.0,0.0,0.0,1.0,0.0
0.0,0.0,0.0,0.0,0.0
0.0,0.0,0.0,0.0,0.0
0.0,0.0,0.0,0.0,0.0
0.0,0.0,0.0,0.0,0.0
0.0,0.0,0.0,0.0,0.0
0.0,0.0,0.0,0.0,0.0
0.0,0.0,0.0,0.0,1.0
0.0,0.0,0.0,0.0,0.0
0.0,0.0,0.0,1.0,1.0
0.0,0.0,0.0,0.0,1.0
0.0,0.0,0.0,0.0,0.0
0.0,0.0,1.0,0.0,0.0
0.0,0.0,0.0,0.0,0.0
0.0,0.0,0.0,0.0,0.0
0.0,0.0,0.0,0.0,0.0
0.0,0.0,0.0,0.0,0.0
0.0,1.0,0.0,0.0,0.0
0.0,0.0,0.0,0.0,0.0
0.0,0.0,0.0,0.0,0.0
0.0,0.0,1.0,0.0,0.0
0.0,0.0,0.0,0.0,0.0
0.0,0.0,0.0,0.0,0.0
0.0,0.0,0.0,0.0,0.0
0.0,1.0,0.0,0.0,0.0
0.0,0.0,0.0,1.0,1.0
0.0,0.0,0.0,0.0,0.0
0.0,0.0,0.0,0.0,0.0
0.0,0.0,0.0,0.0,0.0
0.0,1.0,0.0,1.0,1.0
0.0,1.0,0.0,0.0,0.0
0.0,0.0,0.0,0.0,0.0
1.0,0.0,0.0,1.0,1.0
0.0,0.0,0.0,0.0,0.0
0.0,0.0,0.0,0.0,0.0
1.0,1.0,0.0,0.0,0.0
0.0,0.0,0.0,0.0,0.0
1.0,0.0,0.0,0.0,0.0
0.0,0.0,0.0,0.0,0.0
0.0,0.0,0.0,0.0,0.0
0.0,0.0,0.0,0.0,0.0
0.0,0.0,0.0,0.0,0.0
0.0,0.0,0.0,0.0,0.0
0.0,0.0,0.0,0.0,0.0
0.0,0.0,0.0,0.0,0.0
0.0,1.0,0.0,0.0,0.0
0.0,0.0,0.0,0.0,1.0
0.0,0.0,0.0,0.0,0.0
0.0,0.0,0.0,0.0,0.0
0.0,0.0,0.0,0.0,0.0
0.0,0.0,0.0,0.0,0.0
0.0,0.0,0.0,0.0,1.0
1.0,0.0,0.0,0.0,0.0
1.0,1.0,0.0,0.0,0.0
0.0,0.0,0.0,0.0,0.0
0.0,0.0,0.0,0.0,0.0
1.0,0.0,0.0,0.0,0.0
0.0,0.0,0.0,0.0,0.0
0.0,0.0,1.0,0.0,0.0
0.0,1.0,0.0,0.0,0.0
0.0,0.0,0.0,0.0,1.0
0.0,0.0,0.0,0.0,0.0
0.0,0.0,0.0,0.0,1.0
0.0,0.0,1.0,0.0,1.0
0.0,0.0,0.0,1.0,0.0
0.0,0.0,0.0,0.0,0.0
0.0,0.0,0.0,1.0,0.0
1.0,0.0,1.0,0.0,0.0
0.0,1.0,0.0,0.0,0.0
0.0,0.0,0.0,0.0,0.0
0.0,0.0,0.0,0.0,0.0
0.0,0.0,0.0,1.0,0.0
0.0,0.0,0.0,0.0,0.0
0.0,1.0,0.0,0.0,0.0
0.0,0.0,0.0,0.0,0.0
0.0,0.0,0.0,0.0,0.0
0.0,0.0,0.0,0.0,0.0
1.0,0.0,1.0,1.0,0.0
0.0,0.0,0.0,0.0,0.0
0.0,0.0,0.0,0.0,0.0
0.0,0.0,0.0,1.0,0.0
0.0,1.0,0.0,0.0,0.0
1.0,0.0,0.0,1.0,0.0
0.0,0.0,0.0,0.0,0.0
0.0,0.0,0.0,0.0,0.0
0.0,0.0,1.0,0.0,0.0
0.0,0.0,0.0,0.0,0.0
1.0,0.0,0.0,0.0,0.0
0.0,0.0,0.0,1.0,1.0
0.0,0.0,0.0,0.0,0.0
0.0,0.0,0.0,0.0,0.0
0.0,1.0,0.0,0.0,0.0
0.0,0.0,0.0,0.0,0.0
0.0,0.0,1.0,0.0,0.0
1.0,0.0,0.0,0.0,0.0
0.0,0.0,0.0,0.0,0.0
0.0,0.0,0.0,0.0,1.0
0.0,0.0,0.0,0.0,0.0
0.0,0.0,0.0,0.0,0.0
0.0,0.0,0.0,0.0,0.0
0.0,1.0,0.0,0.0,0.0
0.0,0.0,0.0,0.0,0.0
0.0,0.0,0.0,0.0,0.0
0.0,0.0,0.0,0.0,0.0
0.0,0.0,0.0,0.0,1.0
0.0,0.0,0.0,0.0,0.0
0.0,1.0,0.0,0.0,0.0
0.0,0.0,0.0,0.0,0.0
0.0,0.0,0.0,0.0,0.0
0.0,0.0,0.0,1.0,0.0
0.0,0.0,0.0,0.0,0.0
0.0,0.0,0.0,0.0,0.0
0.0,0.0,0.0,0.0,0.0
0.0,0.0,0.0,0.0,0.0
0.0,0.0,0.0,0.0,0.0
0.0,0.0,0.0,0.0,0.0
0.0,0.0,0.0,0.0,1.0
1.0,0.0,1.0,0.0,0.0
1.0,1.0,1.0,0.0,0.0
0.0,0.0,0.0,1.0,1.0
1.0,0.0,0.0,1.0,0.0
0.0,0.0,0.0,0.0,0.0
0.0,0.0,0.0,0.0,0.0
0.0,0.0,1.0,0.0,0.0
0.0,0.0,0.0,0.0,0.0
0.0,0.0,0.0,0.0,0.0
0.0,0.0,0.0,0.0,0.0
0.0,0.0,0.0,1.0,0.0
0.0,0.0,0.0,0.0,0.0
0.0,0.0,0.0,0.0,0.0
0.0,0.0,0.0,0.0,0.0
0.0,0.0,0.0,0.0,0.0
0.0,0.0,0.0,0.0,0.0
0.0,0.0,0.0,0.0,0.0
0.0,0.0,0.0,0.0,0.0
0.0,0.0,0.0,1.0,0.0
0.0,0.0,0.0,0.0,0.0
0.0,0.0,0.0,0.0,0.0
0.0,1.0,0.0,0.0,0.0
0.0,0.0,0.0,0.0,0.0
0.0,0.0,0.0,0.0,0.0
0.0,0.0,0.0,0.0,0.0
0.0,0.0,0.0,0.0,0.0
0.0,0.0,0.0,0.0,0.0
1.0,0.0,0.0,0.0,0.0
0.0,0.0,0.0,0.0,0.0
0.0,0.0,0.0,0.0,0.0
0.0,0.0,0.0,0.0,1.0
0.0,0.0,0.0,0.0,0.0
0.0,0.0,0.0,0.0,1.0
0.0,0.0,0.0,0.0,0.0
0.0,0.0,0.0,0.0,0.0
0.0,0.0,0.0,0.0,0.0
0.0,0.0,0.0,0.0,0.0
0.0,0.0,1.0,0.0,0.0
0.0,0.0,0.0,0.0,0.0
1.0,0.0,0.0,0.0,0.0
0.0,0.0,0.0,0.0,0.0
0.0,0.0,0.0,0.0,0.0
1.0,1.0,1.0,0.0,0.0
0.0,0.0,0.0,0.0,0.0
0.0,0.0,0.0,0.0,0.0
0.0,0.0,0.0,0.0,0.0
0.0,0.0,0.0,0.0,0.0
0.0,0.0,1.0,0.0,0.0
0.0,0.0,0.0,0.0,0.0
0.0,0.0,0.0,0.0,0.0
0.0,0.0,0.0,0.0,0.0
0.0,0.0,0.0,0.0,0.0
0.0,0.0,0.0,0.0,0.0
0.0,0.0,0.0,0.0,0.0
0.0,0.0,1.0,0.0,0.0
0.0,0.0,0.0,0.0,0.0
0.0,0.0,0.0,0.0,0.0
0.0,0.0,0.0,0.0,0.0
0.0,0.0,0.0,0.0,0.0
0.0,0.0,0.0,0.0,1.0
0.0,0.0,0.0,0.0,0.0
0.0,0.0,0.0,0.0,0.0
0.0,0.0,0.0,0.0,0.0
0.0,0.0,1.0,0.0,0.0
0.0,0.0,0.0,0.0,0.0
0.0,0.0,0.0,0.0,0.0
0.0,0.0,0.0,0.0,0.0
0.0,0.0,0.0,0.0,0.0
0.0,0.0,0.0,1.0,0.0
0.0,0.0,0.0,0.0,0.0
0.0,0.0,0.0,0.0,0.0
0.0,0.0,0.0,0.0,0.0
0.0,0.0,0.0,0.0,0.0
0.0,0.0,0.0,0.0,0.0
0.0,0.0,0.0,0.0,0.0
0.0,0.0,0.0,1.0,0.0
0.0,0.0,0.0,0.0,0.0
0.0,0.0,1.0,0.0,0.0
0.0,0.0,0.0,0.0,0.0
0.0,0.0,0.0,0.0,0.0
0.0,0.0,0.0,0.0,0.0
0.0,0.0,0.0,0.0,0.0
0.0,0.0,0.0,0.0,0.0
0.0,0.0,1.0,0.0,0.0
0.0,0.0,0.0,0.0,0.0
0.0,0.0,1.0,0.0,0.0
0.0,0.0,0.0,0.0,0.0
0.0,0.0,0.0,0.0,0.0
0.0,1.0,0.0,0.0,0.0
0.0,0.0,0.0,0.0,0.0
0.0,0.0,1.0,1.0,1.0
0.0,1.0,0.0,0.0,0.0
0.0,0.0,0.0,0.0,0.0
0.0,0.0,0.0,0.0,0.0
